{"_runtime":140,"train/policy_loss":-0.2534895708163579,"train/vf_loss":10,"train/episodes_total":0,"_step":9,"_wandb":{"runtime":140},"train/iter":10,"train/episode_reward_mean":110.83333333333333,"_timestamp":1.7744638955411494e+09,"train/entropy":5.219378026326497}