{"train/entropy":NaN,"_timestamp":1.7743173187372e+09,"train/vf_loss":10,"train/iter":10,"_wandb":{"runtime":1801},"train/episodes_total":0,"train/episode_reward_mean":6142.533333333334,"_runtime":1801,"train/policy_loss":0.007268399000167847,"_step":9}