{"train/vf_loss":10,"_wandb":{"runtime":527},"train/policy_loss":-0.13078536602358024,"train/episode_reward_mean":NaN,"train/entropy":4.970216004053752,"_timestamp":1.7751714785129392e+09,"train/iter":3,"_step":2,"train/episodes_total":0,"_runtime":527}