{"train/episode_reward_mean":NaN,"train/episodes_total":0,"train/entropy":4.834194628397624,"_timestamp":1.7748965006340601e+09,"_step":2,"train/iter":3,"_wandb":{"runtime":267},"train/vf_loss":10,"train/policy_loss":-0.17301102181275685,"_runtime":267}