{"_step":9,"_timestamp":1.774315279330529e+09,"_wandb":{"runtime":1178},"train/entropy":NaN,"train/episodes_total":0,"train/episode_reward_mean":2748.315789473684,"train/policy_loss":0.026317283511161804,"train/iter":10,"_runtime":1178,"train/vf_loss":10}