{"train/vf_loss":10,"train/policy_loss":-0.1147592157125473,"_runtime":2827,"_step":4,"_timestamp":1.7749140736785574e+09,"train/iter":5,"train/entropy":4.968811289469401,"_wandb":{"runtime":2827},"train/episodes_total":3,"train/episode_reward_mean":298.15384615384613}