{"_timestamp":1.7751056565301516e+09,"checkpoint_saved_at_iter":20,"train/policy_loss":-0.06810812602440516,"train/iter":21,"train/entropy":4.551877514521281,"_wandb":{"runtime":18175},"train/episodes_total":3,"_step":22,"last_checkpoint_dir":"TrainingResult(checkpoint=Checkpoint(filesystem=local, path=/tmp/tmp02ue9ua4), metrics={'custom_metrics': {}, 'episode_media': {}, 'info': {'learner': {'default_policy': {'custom_metrics': {}, 'learner_stats': {'cur_kl_coeff': np.float64(1.9073486328125006e-07), 'cur_lr': np.float64(4.999999999999999e-05), 'total_loss': np.float64(9.931891822814942), 'policy_loss': np.float64(-0.06810812602440516), 'vf_loss': np.float64(10.0), 'vf_explained_var': np.float64(0.0017068266868591308), 'kl': np.float64(0.0), 'entropy': np.float64(4.551877514521281), 'entropy_coeff': np.float64(0.0)}, 'model': {}, 'num_grad_updates_lifetime': np.float64(615.5), 'diff_num_grad_updates_vs_sampler_policy': np.float64(14.5)}}, 'num_env_steps_sampled': 2688, 'num_env_steps_trained': 2688, 'num_agent_steps_sampled': 2688, 'num_agent_steps_trained': 2688}, 'env_runners': {'episode_reward_max': 969.0, 'episode_reward_min': 19.0, 'episode_reward_mean': np.float64(561.0919540229885), 'episode_len_mean': np.float64(30.7816091954023), 'episode_media': {}, 'episodes_timesteps_total': 2678, 'policy_reward_min': {'default_policy': np.float64(19.0)}, 'policy_reward_max': {'default_policy': np.float64(969.0)}, 'policy_reward_mean': {'default_policy': np.float64(561.0919540229885)}, 'custom_metrics': {}, 'hist_stats': {'episode_reward': [76.0, 38.0, 209.0, 323.0, 303.0, 683.0, 113.0, 57.0, 418.0, 19.0, 114.0, 38.0, 75.0, 456.0, 380.0, 208.0, 532.0, 94.0, 303.0, 684.0, 133.0, 418.0, 113.0, 190.0, 531.0, 890.0, 304.0, 475.0, 437.0, 969.0, 949.0, 342.0, 133.0, 418.0, 969.0, 132.0, 418.0, 949.0, 817.0, 152.0, 38.0, 969.0, 909.0, 722.0, 589.0, 551.0, 949.0, 512.0, 95.0, 76.0, 133.0, 949.0, 969.0, 949.0, 342.0, 969.0, 912.0, 969.0, 969.0, 665.0, 929.0, 949.0, 798.0, 949.0, 190.0, 909.0, 323.0, 663.0, 379.0, 909.0, 664.0, 909.0, 929.0, 949.0, 949.0, 969.0, 703.0, 589.0, 778.0, 929.0, 929.0, 889.0, 418.0, 646.0, 531.0, 969.0, 969.0], 'episode_lengths': [4, 2, 11, 17, 18, 38, 8, 3, 22, 1, 6, 2, 6, 24, 20, 13, 28, 7, 18, 36, 7, 22, 8, 10, 30, 53, 16, 25, 23, 51, 52, 18, 7, 22, 51, 9, 22, 52, 43, 8, 2, 51, 54, 38, 31, 29, 52, 29, 5, 4, 7, 52, 51, 52, 18, 51, 48, 51, 51, 35, 53, 52, 42, 52, 10, 54, 17, 39, 22, 54, 37, 54, 53, 52, 52, 51, 37, 31, 43, 53, 53, 55, 22, 34, 30, 51, 51], 'policy_default_policy_reward': [76.0, 38.0, 209.0, 323.0, 303.0, 683.0, 113.0, 57.0, 418.0, 19.0, 114.0, 38.0, 75.0, 456.0, 380.0, 208.0, 532.0, 94.0, 303.0, 684.0, 133.0, 418.0, 113.0, 190.0, 531.0, 890.0, 304.0, 475.0, 437.0, 969.0, 949.0, 342.0, 133.0, 418.0, 969.0, 132.0, 418.0, 949.0, 817.0, 152.0, 38.0, 969.0, 909.0, 722.0, 589.0, 551.0, 949.0, 512.0, 95.0, 76.0, 133.0, 949.0, 969.0, 949.0, 342.0, 969.0, 912.0, 969.0, 969.0, 665.0, 929.0, 949.0, 798.0, 949.0, 190.0, 909.0, 323.0, 663.0, 379.0, 909.0, 664.0, 909.0, 929.0, 949.0, 949.0, 969.0, 703.0, 589.0, 778.0, 929.0, 929.0, 889.0, 418.0, 646.0, 531.0, 969.0, 969.0]}, 'sampler_perf': {'mean_raw_obs_processing_ms': np.float64(1.316485477089799), 'mean_inference_ms': np.float64(4.691413261719306), 'mean_action_processing_ms': np.float64(0.2705798356092589), 'mean_env_wait_ms': np.float64(5473.123645478218), 'mean_env_render_ms': np.float64(0.0)}, 'num_faulty_episodes': 0, 'connector_metrics': {'ObsPreprocessorConnector_ms': np.float64(0.15228856569049), 'StateBufferConnector_ms': np.float64(0.023458469873187185), 'ViewRequirementAgentConnector_ms': np.float64(0.40331859698240785)}, 'num_episodes': 3, 'episode_return_max': 969.0, 'episode_return_min': 19.0, 'episode_return_mean': np.float64(561.0919540229885), 'episodes_this_iter': 3}, 'num_healthy_workers': 1, 'actor_manager_num_outstanding_async_reqs': 0, 'num_remote_worker_restarts': 0, 'num_agent_steps_sampled': 2688, 'num_agent_steps_trained': 2688, 'num_env_steps_sampled': 2688, 'num_env_steps_trained': 2688, 'num_env_steps_sampled_this_iter': 128, 'num_env_steps_trained_this_iter': 128, 'num_env_steps_sampled_throughput_per_sec': 0.13130467605335128, 'num_env_steps_trained_throughput_per_sec': 0.13130467605335128, 'timesteps_total': 2688, 'num_env_steps_sampled_lifetime': 2688, 'num_agent_steps_sampled_lifetime': 2688, 'num_steps_trained_this_iter': 128, 'agent_timesteps_total': 2688, 'timers': {'training_iteration_time_ms': 919324.36, 'restore_workers_time_ms': 0.019, 'training_step_time_ms': 919324.3, 'sample_time_ms': 915714.338, 'load_time_ms': 13.968, 'load_throughput': 9163.793, 'learn_time_ms': 3585.417, 'learn_throughput': 35.7, 'synch_weights_time_ms': 10.33}, 'counters': {'num_env_steps_sampled': 2688, 'num_env_steps_trained': 2688, 'num_agent_steps_sampled': 2688, 'num_agent_steps_trained': 2688}, 'done': False, 'training_iteration': 21, 'trial_id': 'default', 'date': '2026-04-02_00-54-16', 'timestamp': 1775105656, 'time_this_iter_s': 974.8431797027588, 'time_total_s': 17824.605164051056, 'pid': 1518880, 'hostname': 'mluo-Precision-7960-Tower', 'node_ip': '192.168.123.81', 'config': {'exploration_config': {'type': 'StochasticSampling'}, 'extra_python_environs_for_driver': {}, 'extra_python_environs_for_worker': {}, 'placement_strategy': 'PACK', 'num_gpus': 1, '_fake_gpus': False, 'num_cpus_for_main_process': 1, 'eager_tracing': True, 'eager_max_retraces': 20, 'tf_session_args': {'intra_op_parallelism_threads': 2, 'inter_op_parallelism_threads': 2, 'gpu_options': {'allow_growth': True}, 'log_device_placement': False, 'device_count': {'CPU': 1}, 'allow_soft_placement': True}, 'local_tf_session_args': {'intra_op_parallelism_threads': 8, 'inter_op_parallelism_threads': 8}, 'torch_compile_learner': False, 'torch_compile_learner_what_to_compile': <TorchCompileWhatToCompile.FORWARD_TRAIN: 'forward_train'>, 'torch_compile_learner_dynamo_backend': 'inductor', 'torch_compile_learner_dynamo_mode': None, 'torch_compile_worker': False, 'torch_compile_worker_dynamo_backend': 'onnxrt', 'torch_compile_worker_dynamo_mode': None, 'torch_ddp_kwargs': {}, 'torch_skip_nan_gradients': False, 'env': <class 'hi_SpecEnv.SpecEnv'>, 'env_config': {'sequence_size': 50, 'num_inputs': 20}, 'observation_space': None, 'action_space': None, 'clip_rewards': None, 'normalize_actions': True, 'clip_actions': False, '_is_atari': None, 'disable_env_checking': False, 'render_env': False, 'action_mask_key': 'action_mask', 'env_runner_cls': None, 'num_env_runners': 1, 'create_local_env_runner': True, 'num_envs_per_env_runner': 1, 'gym_env_vectorize_mode': 'SYNC', 'num_cpus_per_env_runner': 1, 'num_gpus_per_env_runner': 0, 'custom_resources_per_env_runner': {}, 'validate_env_runners_after_construction': True, 'episodes_to_numpy': True, 'max_requests_in_flight_per_env_runner': 1, 'sample_timeout_s': 7200, '_env_to_module_connector': None, 'add_default_connectors_to_env_to_module_pipeline': True, '_module_to_env_connector': None, 'add_default_connectors_to_module_to_env_pipeline': True, 'merge_env_runner_states': 'training_only', 'broadcast_env_runner_states': True, 'episode_lookback_horizon': 1, 'rollout_fragment_length': 16, 'batch_mode': 'truncate_episodes', 'compress_observations': False, 'remote_worker_envs': False, 'remote_env_batch_wait_ms': 0, 'enable_tf1_exec_eagerly': False, 'sample_collector': <class 'ray.rllib.evaluation.collectors.simple_list_collector.SimpleListCollector'>, 'preprocessor_pref': 'deepmind', 'observation_filter': 'NoFilter', 'update_worker_filter_stats': True, 'use_worker_filter_stats': True, 'sampler_perf_stats_ema_coef': None, '_is_online': True, 'num_learners': 0, 'num_gpus_per_learner': 0, 'num_cpus_per_learner': 'auto', 'num_aggregator_actors_per_learner': 0, 'max_requests_in_flight_per_aggregator_actor': 3, 'local_gpu_idx': 0, 'max_requests_in_flight_per_learner': 3, 'gamma': 0.99, 'lr': 5e-05, 'grad_clip': None, 'grad_clip_by': 'global_norm', 